{"stats":{"minecraft:picked_up":{"minecraft:cracked_deepslate_tiles":5,"born_in_chaos_v1:diamond_termite_shard":12,"born_in_chaos_v1:black_argillite_column_slab":1,"born_in_chaos_v1:spiritual_dust":1,"graveyard:dark_iron_ingot":1,"minecraft:gilded_blackstone":15,"born_in_chaos_v1:black_argillite":156,"skilltree:gem":1,"minecraft:polished_deepslate":5,"minecraft:string":4,"minecraft:dirt":2,"graveyard:candle_holder":1,"graveyard:sarcophagus":1,"minecraft:iron_shovel":1,"minecraft:bone":8,"graveyard:corruption":5,"minecraft:deepslate_tiles":7,"minecraft:wheat_seeds":1,"minecraft:candle":5,"minecraft:cobbled_deepslate":36,"minecraft:raw_gold":6,"minecraft:iron_ingot":55,"minecraft:cobweb":16,"graveyard:fire_brazier":1,"minecraft:stick":2,"minecraft:black_candle":4,"graveyard:pedestal":2,"minecraft:polished_deepslate_stairs":7,"minecraft:torch":126,"born_in_chaos_v1:black_argillite_column_slab_n":3,"minecraft:amethyst_shard":3,"born_in_chaos_v1:pieceofdarkmetal":4,"minecraft:grass_block":1,"minecraft:deepslate_tile_stairs":1,"minecraft:dark_oak_log":2,"minecraft:white_candle":6,"minecraft:rotten_flesh":5,"minecraft:deepslate_bricks":11,"minecraft:bone_meal":14,"minecraft:gold_ingot":2,"minecraft:baked_potato":22,"minecraft:deepslate_brick_stairs":4,"minecraft:coal":5,"minecraft:cobblestone":26},"minecraft:mined":{"minecraft:deepslate_tiles":7,"graveyard:pedestal":2,"minecraft:candle":2,"minecraft:polished_deepslate_stairs":7,"graveyard:fire_brazier":1,"graveyard:candle_holder":1,"born_in_chaos_v1:infected_diamond_ore":5,"minecraft:granite":1,"gravestone:gravestone":2,"born_in_chaos_v1:dark_metal_deposit":4,"born_in_chaos_v1:black_argillite":156,"minecraft:deepslate_bricks":11,"minecraft:white_candle":2,"minecraft:deepslate_tile_stairs":1,"minecraft:wall_torch":3,"graveyard:vase_block":2,"minecraft:polished_deepslate":5,"minecraft:cracked_deepslate_tiles":5,"graveyard:sarcophagus":1,"minecraft:coal_ore":4,"minecraft:dirt":3,"minecraft:deepslate_brick_stairs":4,"minecraft:cobweb":1,"minecraft:stone":30,"minecraft:deepslate":36},"minecraft:dropped":{"immersivecaves:immersive_caves_guide":1,"minecraft:deepslate_brick_slab":1,"minecraft:rotten_flesh":4,"born_in_chaos_v1:black_argillite_column_slab":1,"minecraft:grass_block":1,"born_in_chaos_v1:black_argillite_column_slab_n":6,"minecraft:cobweb":8,"minecraft:dirt":2,"minecraft:shield":1,"minecraft:trident":1,"minecraft:amethyst_shard":3,"gravestone:obituary":2,"minecraft:gilded_blackstone":15,"minecraft:bone_meal":7,"minecraft:string":1,"minecraft:iron_shovel":1,"minecraft:polished_deepslate_wall":1,"minecraft:gold_ingot":2,"minecraft:bone":2},"minecraft:killed_by":{"born_in_chaos_v1:skeleton_thrasher":1,"graveyard:wraith":1},"minecraft:crafted":{"minecraft:oak_planks":12,"minecraft:crafting_table":1,"minecraft:baked_potato":22,"minecraft:glass":14,"minecraft:stick":32,"minecraft:iron_pickaxe":3,"minecraft:dark_oak_planks":8,"minecraft:torch":120},"minecraft:used":{"graveyard:candle_holder":29,"minecraft:polished_deepslate":369,"minecraft:baked_potato":2,"born_in_chaos_v1:scorched_planks_door":3,"minecraft:stone":14,"minecraft:iron_sword":111,"born_in_chaos_v1:carved_black_argillite":2,"graveyard:pedestal":46,"minecraft:deepslate_bricks":180,"minecraft:torch":51,"minecraft:dirt":1,"minecraft:crafting_table":1,"minecraft:deepslate_brick_slab":116,"minecraft:deepslate_brick_stairs":152,"minecraft:deepslate_tile_wall":57,"minecraft:polished_deepslate_stairs":49,"minecraft:deepslate_tiles":353,"born_in_chaos_v1:black_argillite_column_slab":64,"minecraft:grass_block":14,"minecraft:bread":16,"minecraft:iron_pickaxe":290,"minecraft:polished_deepslate_wall":20,"minecraft:black_stained_glass":56,"minecraft:deepslate_tile_stairs":306,"minecraft:chain":19,"minecraft:black_candle":134,"born_in_chaos_v1:scorched_planks_trapdoor":12},"minecraft:killed":{"minecraft:cave_spider":2,"born_in_chaos_v1:bonescaller":1,"born_in_chaos_v1:diamond_termite":12,"born_in_chaos_v1:zombie_lumberjack":1,"graveyard:corrupted_vindicator":3,"born_in_chaos_v1:baby_skeleton_minion":1,"born_in_chaos_v1:decrepit_skeleton":1,"minecraft:skeleton":1,"graveyard:acolyte":1,"minecraft:zombie":1,"resource_ghouls:prospector":1,"graveyard:corrupted_pillager":1},"minecraft:custom":{"minecraft:interact_with_furnace":4,"minecraft:mob_kills":27,"minecraft:interact_with_crafting_table":1,"minecraft:open_barrel":6,"minecraft:damage_dealt_resisted":138,"minecraft:leave_game":4,"minecraft:time_since_death":4342,"minecraft:climb_one_cm":950,"minecraft:time_since_rest":4363,"minecraft:waystone_activated":2,"minecraft:sprint_one_cm":99027,"minecraft:damage_taken":1502,"minecraft:walk_one_cm":221433,"minecraft:drop":22,"minecraft:damage_dealt":4784,"minecraft:swim_one_cm":4861,"minecraft:fly_one_cm":555221,"minecraft:open_chest":16,"minecraft:crouch_one_cm":4951,"minecraft:play_time":138607,"minecraft:deaths":2,"minecraft:sneak_time":4385,"minecraft:walk_under_water_one_cm":16043,"minecraft:jump":643,"minecraft:interact_with_blast_furnace":2,"minecraft:walk_on_water_one_cm":3577,"minecraft:total_world_time":138607,"minecraft:fall_one_cm":7182},"minecraft:broken":{"minecraft:iron_pickaxe":1}},"DataVersion":3465}