{"stats":{"minecraft:picked_up":{"born_in_chaos_v1:black_argillite_column_slab":1,"graveyard:dark_iron_ingot":1,"minecraft:gilded_blackstone":15,"minecraft:dirt":1,"graveyard:candle_holder":1,"graveyard:sarcophagus":1,"minecraft:iron_shovel":1,"minecraft:bone":6,"graveyard:corruption":4,"minecraft:wheat_seeds":1,"minecraft:candle":5,"minecraft:raw_gold":6,"minecraft:cobweb":16,"graveyard:fire_brazier":1,"minecraft:black_candle":4,"graveyard:pedestal":2,"born_in_chaos_v1:black_argillite_column_slab_n":3,"minecraft:grass_block":1,"minecraft:white_candle":6,"minecraft:rotten_flesh":4,"minecraft:deepslate_bricks":2,"minecraft:bone_meal":14,"minecraft:gold_ingot":2,"minecraft:deepslate_brick_stairs":2},"minecraft:mined":{"graveyard:pedestal":2,"minecraft:candle":2,"graveyard:fire_brazier":1,"graveyard:candle_holder":1,"minecraft:deepslate_bricks":2,"minecraft:white_candle":2,"graveyard:sarcophagus":1,"minecraft:deepslate_brick_stairs":2},"minecraft:dropped":{"immersivecaves:immersive_caves_guide":1,"minecraft:rotten_flesh":4,"born_in_chaos_v1:black_argillite_column_slab":1,"minecraft:grass_block":1,"born_in_chaos_v1:black_argillite_column_slab_n":6,"minecraft:cobweb":8,"minecraft:dirt":1,"minecraft:shield":1,"minecraft:trident":1,"minecraft:gilded_blackstone":15,"minecraft:bone_meal":7,"minecraft:iron_shovel":1,"minecraft:gold_ingot":2},"minecraft:crafted":{"minecraft:glass":14},"minecraft:used":{"graveyard:candle_holder":29,"minecraft:polished_deepslate":369,"born_in_chaos_v1:scorched_planks_door":3,"minecraft:stone":14,"minecraft:iron_sword":23,"born_in_chaos_v1:carved_black_argillite":2,"graveyard:pedestal":46,"minecraft:deepslate_bricks":180,"minecraft:dirt":1,"minecraft:deepslate_brick_slab":116,"minecraft:deepslate_brick_stairs":152,"minecraft:deepslate_tile_wall":57,"minecraft:polished_deepslate_stairs":49,"minecraft:deepslate_tiles":353,"born_in_chaos_v1:black_argillite_column_slab":64,"minecraft:grass_block":14,"minecraft:bread":1,"minecraft:iron_pickaxe":13,"minecraft:polished_deepslate_wall":20,"minecraft:black_stained_glass":56,"minecraft:deepslate_tile_stairs":302,"minecraft:chain":19,"minecraft:black_candle":134,"born_in_chaos_v1:scorched_planks_trapdoor":12},"minecraft:killed":{"graveyard:corrupted_vindicator":3,"born_in_chaos_v1:decrepit_skeleton":1,"graveyard:acolyte":1},"minecraft:custom":{"minecraft:interact_with_furnace":2,"minecraft:mob_kills":5,"minecraft:open_barrel":4,"minecraft:leave_game":4,"minecraft:time_since_death":114607,"minecraft:climb_one_cm":782,"minecraft:time_since_rest":114607,"minecraft:waystone_activated":2,"minecraft:sprint_one_cm":54537,"minecraft:damage_taken":156,"minecraft:walk_one_cm":131777,"minecraft:drop":14,"minecraft:damage_dealt":1121,"minecraft:swim_one_cm":1207,"minecraft:fly_one_cm":528984,"minecraft:open_chest":8,"minecraft:crouch_one_cm":4382,"minecraft:play_time":114607,"minecraft:sneak_time":4199,"minecraft:walk_under_water_one_cm":9436,"minecraft:jump":260,"minecraft:interact_with_blast_furnace":2,"minecraft:walk_on_water_one_cm":361,"minecraft:total_world_time":114607,"minecraft:fall_one_cm":805}},"DataVersion":3465}