{"stats":{"minecraft:custom":{"minecraft:time_since_rest":17086,"minecraft:waystone_activated":1,"minecraft:crouch_one_cm":806,"minecraft:sprint_one_cm":8854,"minecraft:play_time":17086,"minecraft:walk_one_cm":21682,"minecraft:sneak_time":606,"minecraft:walk_under_water_one_cm":3736,"minecraft:drop":5,"minecraft:jump":60,"minecraft:leave_game":2,"minecraft:walk_on_water_one_cm":71,"minecraft:time_since_death":17086,"minecraft:climb_one_cm":466,"minecraft:total_world_time":17086,"minecraft:swim_one_cm":316,"minecraft:fly_one_cm":163726},"minecraft:picked_up":{"minecraft:iron_shovel":1,"minecraft:wheat_seeds":1},"minecraft:dropped":{"born_in_chaos_v1:black_argillite_column_slab_n":3,"minecraft:shield":1,"minecraft:trident":1,"immersivecaves:immersive_caves_guide":1,"minecraft:iron_shovel":1},"minecraft:used":{"minecraft:deepslate_tile_wall":3,"minecraft:deepslate_bricks":125,"born_in_chaos_v1:black_argillite_column_slab":28,"minecraft:polished_deepslate":2,"minecraft:deepslate_tile_stairs":1,"born_in_chaos_v1:scorched_planks_door":2,"minecraft:deepslate_brick_stairs":8,"minecraft:deepslate_tiles":9}},"DataVersion":3465}