{"stats":{"minecraft:picked_up":{"minecraft:cracked_deepslate_tiles":5,"born_in_chaos_v1:diamond_termite_shard":12,"born_in_chaos_v1:black_argillite_column_slab":1,"graveyard:dark_iron_ingot":1,"minecraft:gilded_blackstone":15,"born_in_chaos_v1:black_argillite":27,"skilltree:gem":1,"minecraft:polished_deepslate":5,"minecraft:string":4,"minecraft:dirt":2,"graveyard:candle_holder":1,"graveyard:sarcophagus":1,"minecraft:iron_shovel":1,"minecraft:bone":6,"graveyard:corruption":5,"minecraft:deepslate_tiles":7,"minecraft:wheat_seeds":1,"minecraft:candle":5,"minecraft:cobbled_deepslate":12,"minecraft:raw_gold":6,"minecraft:cobweb":16,"graveyard:fire_brazier":1,"minecraft:black_candle":4,"graveyard:pedestal":2,"minecraft:polished_deepslate_stairs":7,"minecraft:torch":123,"born_in_chaos_v1:black_argillite_column_slab_n":3,"minecraft:amethyst_shard":3,"minecraft:grass_block":1,"minecraft:deepslate_tile_stairs":1,"minecraft:white_candle":6,"minecraft:rotten_flesh":4,"minecraft:deepslate_bricks":11,"minecraft:bone_meal":14,"minecraft:gold_ingot":2,"minecraft:baked_potato":22,"minecraft:deepslate_brick_stairs":4,"minecraft:coal":4,"minecraft:cobblestone":14},"minecraft:mined":{"minecraft:deepslate_tiles":7,"graveyard:pedestal":2,"minecraft:candle":2,"minecraft:polished_deepslate_stairs":7,"graveyard:fire_brazier":1,"graveyard:candle_holder":1,"born_in_chaos_v1:infected_diamond_ore":5,"gravestone:gravestone":1,"born_in_chaos_v1:black_argillite":27,"minecraft:deepslate_bricks":11,"minecraft:white_candle":2,"minecraft:deepslate_tile_stairs":1,"graveyard:vase_block":2,"minecraft:polished_deepslate":5,"minecraft:cracked_deepslate_tiles":5,"graveyard:sarcophagus":1,"minecraft:coal_ore":4,"minecraft:dirt":1,"minecraft:deepslate_brick_stairs":4,"minecraft:cobweb":1,"minecraft:stone":18,"minecraft:deepslate":13},"minecraft:dropped":{"immersivecaves:immersive_caves_guide":1,"minecraft:deepslate_brick_slab":1,"minecraft:rotten_flesh":4,"born_in_chaos_v1:black_argillite_column_slab":1,"minecraft:grass_block":1,"born_in_chaos_v1:black_argillite_column_slab_n":6,"minecraft:cobweb":8,"minecraft:dirt":2,"minecraft:shield":1,"minecraft:trident":1,"gravestone:obituary":1,"minecraft:gilded_blackstone":15,"minecraft:bone_meal":7,"minecraft:iron_shovel":1,"minecraft:polished_deepslate_wall":1,"minecraft:gold_ingot":2},"minecraft:killed_by":{"graveyard:wraith":1},"minecraft:crafted":{"minecraft:oak_planks":12,"minecraft:baked_potato":22,"minecraft:glass":14,"minecraft:stick":24,"minecraft:torch":120},"minecraft:used":{"graveyard:candle_holder":29,"minecraft:polished_deepslate":369,"born_in_chaos_v1:scorched_planks_door":3,"minecraft:stone":14,"minecraft:iron_sword":82,"born_in_chaos_v1:carved_black_argillite":2,"graveyard:pedestal":46,"minecraft:deepslate_bricks":180,"minecraft:torch":38,"minecraft:dirt":1,"minecraft:deepslate_brick_slab":116,"minecraft:deepslate_brick_stairs":152,"minecraft:deepslate_tile_wall":57,"minecraft:polished_deepslate_stairs":49,"minecraft:deepslate_tiles":353,"born_in_chaos_v1:black_argillite_column_slab":64,"minecraft:grass_block":14,"minecraft:bread":8,"minecraft:iron_pickaxe":118,"minecraft:polished_deepslate_wall":20,"minecraft:black_stained_glass":56,"minecraft:deepslate_tile_stairs":306,"minecraft:chain":19,"minecraft:black_candle":134,"born_in_chaos_v1:scorched_planks_trapdoor":12},"minecraft:killed":{"minecraft:cave_spider":1,"born_in_chaos_v1:diamond_termite":12,"graveyard:corrupted_vindicator":3,"born_in_chaos_v1:decrepit_skeleton":1,"minecraft:skeleton":1,"graveyard:acolyte":1,"graveyard:corrupted_pillager":1},"minecraft:custom":{"minecraft:interact_with_furnace":4,"minecraft:mob_kills":20,"minecraft:open_barrel":6,"minecraft:leave_game":4,"minecraft:time_since_death":9199,"minecraft:climb_one_cm":950,"minecraft:time_since_rest":9227,"minecraft:waystone_activated":2,"minecraft:sprint_one_cm":86852,"minecraft:damage_taken":727,"minecraft:walk_one_cm":176428,"minecraft:drop":18,"minecraft:damage_dealt":3497,"minecraft:swim_one_cm":3060,"minecraft:fly_one_cm":543978,"minecraft:open_chest":16,"minecraft:crouch_one_cm":4844,"minecraft:play_time":126607,"minecraft:deaths":1,"minecraft:sneak_time":4367,"minecraft:walk_under_water_one_cm":13921,"minecraft:jump":446,"minecraft:interact_with_blast_furnace":2,"minecraft:walk_on_water_one_cm":3111,"minecraft:total_world_time":126607,"minecraft:fall_one_cm":4468}},"DataVersion":3465}