{"stats":{"minecraft:picked_up":{"born_in_chaos_v1:diamond_termite_shard":14,"graveyard:dark_iron_ingot":1,"minecraft:gilded_blackstone":15,"born_in_chaos_v1:black_argillite":198,"minecraft:polished_deepslate":30,"born_in_chaos_v1:black_argillite_column":3,"minecraft:string":6,"graveyard:candle_holder":1,"graveyard:sarcophagus":1,"minecraft:iron_shovel":1,"graveyard:corruption":5,"minecraft:deepslate_tiles":8,"minecraft:cobbled_deepslate":36,"minecraft:candle":5,"born_in_chaos_v1:gnawed_bones":1,"minecraft:iron_pickaxe":1,"minecraft:stick":2,"minecraft:polished_deepslate_stairs":7,"minecraft:torch":129,"born_in_chaos_v1:pieceofdarkmetal":4,"minecraft:deepslate_tile_stairs":1,"minecraft:arrow":3,"minecraft:rotten_flesh":9,"minecraft:deepslate_bricks":11,"minecraft:gold_ingot":2,"minecraft:deepslate_brick_stairs":4,"minecraft:cobblestone":35,"minecraft:cracked_deepslate_tiles":5,"born_in_chaos_v1:black_argillite_column_slab":1,"born_in_chaos_v1:monster_flesh":1,"born_in_chaos_v1:spiritual_dust":1,"minecraft:andesite":1,"minecraft:tuff":6,"skilltree:gem":1,"minecraft:dirt":2,"born_in_chaos_v1:monster_skin":1,"minecraft:bone":11,"minecraft:bow":1,"minecraft:wheat_seeds":1,"minecraft:raw_gold":7,"minecraft:iron_ingot":55,"minecraft:cobweb":16,"minecraft:oak_planks":23,"biomesoplenty:mahogany_planks":48,"graveyard:fire_brazier":1,"minecraft:black_candle":18,"graveyard:pedestal":4,"born_in_chaos_v1:black_argillite_column_slab_n":3,"minecraft:amethyst_shard":3,"minecraft:grass_block":1,"minecraft:dark_oak_log":2,"biomesoplenty:mahogany_log":13,"minecraft:white_candle":6,"minecraft:bone_meal":14,"minecraft:baked_potato":22,"minecraft:coal":7,"iceandfire:raw_silver":1},"minecraft:mined":{"minecraft:deepslate_tiles":7,"graveyard:pedestal":2,"minecraft:candle":2,"graveyard:candle_holder":1,"born_in_chaos_v1:infected_diamond_ore":6,"gravestone:gravestone":4,"minecraft:granite":1,"born_in_chaos_v1:dark_metal_deposit":4,"born_in_chaos_v1:black_argillite":198,"minecraft:deepslate_bricks":11,"minecraft:deepslate_tile_stairs":1,"born_in_chaos_v1:black_argillite_column":3,"minecraft:andesite":1,"minecraft:polished_deepslate":30,"graveyard:sarcophagus":1,"minecraft:deepslate_iron_ore":1,"minecraft:deepslate_brick_stairs":4,"minecraft:stone":37,"biomesoplenty:spider_egg":1,"minecraft:polished_deepslate_stairs":7,"graveyard:fire_brazier":1,"minecraft:torch":2,"minecraft:white_candle":2,"minecraft:oak_planks":30,"minecraft:wall_torch":4,"graveyard:vase_block":2,"biomesoplenty:mahogany_log":13,"minecraft:cracked_deepslate_tiles":5,"minecraft:coal_ore":6,"minecraft:dirt":3,"minecraft:cobweb":1,"minecraft:oak_leaves":1,"minecraft:deepslate":36,"minecraft:fern":2},"minecraft:dropped":{"born_in_chaos_v1:black_argillite_column_slab":1,"minecraft:grass_block":1,"born_in_chaos_v1:monster_flesh":1,"born_in_chaos_v1:black_argillite_column_slab_n":6,"minecraft:cobweb":8,"minecraft:dirt":2,"gravestone:obituary":4,"minecraft:gilded_blackstone":15,"minecraft:bone_meal":7,"minecraft:amethyst_shard":3,"minecraft:iron_pickaxe":1,"minecraft:iron_shovel":1,"minecraft:string":1,"minecraft:polished_deepslate_wall":1,"minecraft:gold_ingot":2,"minecraft:bone":2,"immersivecaves:immersive_caves_guide":1,"minecraft:deepslate_brick_slab":1,"minecraft:rotten_flesh":4,"minecraft:shield":1,"minecraft:trident":1,"minecraft:andesite":1},"minecraft:killed_by":{"born_in_chaos_v1:skeleton_thrasher":1,"minecraft:zombie":1,"graveyard:wraith":1},"minecraft:crafted":{"minecraft:oak_planks":12,"biomesoplenty:mahogany_planks":52,"minecraft:furnace":3,"born_in_chaos_v1:black_argillite_column":40,"minecraft:glass":14,"born_in_chaos_v1:fired_black_argillite":54,"minecraft:chest":6,"minecraft:dark_oak_planks":8,"minecraft:crafting_table":2,"minecraft:baked_potato":22,"minecraft:stick":32,"minecraft:iron_pickaxe":3,"minecraft:torch":120},"minecraft:used":{"graveyard:candle_holder":29,"minecraft:polished_deepslate":370,"minecraft:chest":6,"minecraft:stone":14,"minecraft:iron_sword":181,"graveyard:pedestal":46,"minecraft:torch":89,"minecraft:dirt":1,"minecraft:deepslate_brick_slab":116,"minecraft:polished_deepslate_stairs":49,"born_in_chaos_v1:black_argillite_column_slab":64,"minecraft:grass_block":14,"minecraft:iron_axe":44,"minecraft:polished_deepslate_wall":20,"minecraft:black_stained_glass":56,"minecraft:deepslate_tile_stairs":306,"minecraft:furnace":3,"minecraft:water_bucket":1,"minecraft:baked_potato":3,"born_in_chaos_v1:scorched_planks_door":3,"born_in_chaos_v1:carved_black_argillite":2,"minecraft:deepslate_bricks":180,"minecraft:crafting_table":2,"minecraft:deepslate_brick_stairs":152,"minecraft:deepslate_tile_wall":57,"minecraft:deepslate_tiles":353,"born_in_chaos_v1:black_argillite_column":29,"minecraft:bread":24,"minecraft:iron_pickaxe":372,"minecraft:cobblestone":11,"minecraft:chain":19,"minecraft:bucket":1,"minecraft:black_candle":134,"born_in_chaos_v1:scorched_planks_trapdoor":12},"minecraft:killed":{"minecraft:cave_spider":6,"born_in_chaos_v1:zombie_lumberjack":1,"graveyard:corrupted_vindicator":3,"born_in_chaos_v1:baby_skeleton_minion":1,"minecraft:skeleton":3,"graveyard:acolyte":1,"born_in_chaos_v1:bonescaller":1,"born_in_chaos_v1:diamond_termite":14,"born_in_chaos_v1:decrepit_skeleton":1,"minecraft:zombie":3,"born_in_chaos_v1:dread_hound":2,"resource_ghouls:prospector_4":4,"graveyard:corrupted_pillager":1,"resource_ghouls:prospector":2},"minecraft:custom":{"minecraft:mob_kills":45,"minecraft:interact_with_crafting_table":7,"minecraft:open_barrel":6,"minecraft:damage_dealt_resisted":138,"minecraft:leave_game":4,"minecraft:time_since_death":14779,"minecraft:climb_one_cm":1526,"minecraft:sprint_one_cm":182564,"minecraft:walk_one_cm":305596,"minecraft:drop":27,"minecraft:play_time":162607,"minecraft:deaths":4,"minecraft:sneak_time":5065,"minecraft:walk_under_water_one_cm":24606,"minecraft:jump":948,"minecraft:interact_with_blast_furnace":2,"minecraft:walk_on_water_one_cm":10608,"minecraft:total_world_time":162607,"minecraft:interact_with_furnace":11,"minecraft:time_since_rest":14808,"minecraft:waystone_activated":2,"minecraft:damage_taken":2567,"minecraft:damage_dealt":8182,"minecraft:swim_one_cm":24915,"minecraft:fly_one_cm":597619,"minecraft:open_chest":30,"minecraft:crouch_one_cm":5664,"minecraft:fall_one_cm":25750},"minecraft:broken":{"minecraft:iron_pickaxe":1}},"DataVersion":3465}