{"stats":{"minecraft:custom":{"minecraft:time_since_rest":62458,"minecraft:waystone_activated":2,"minecraft:sprint_one_cm":29930,"minecraft:damage_taken":156,"minecraft:walk_one_cm":50998,"minecraft:mob_kills":4,"minecraft:drop":10,"minecraft:damage_dealt":961,"minecraft:swim_one_cm":515,"minecraft:fly_one_cm":308114,"minecraft:open_chest":1,"minecraft:crouch_one_cm":2101,"minecraft:play_time":62458,"minecraft:sneak_time":2351,"minecraft:walk_under_water_one_cm":5903,"minecraft:jump":150,"minecraft:leave_game":3,"minecraft:time_since_death":62458,"minecraft:walk_on_water_one_cm":156,"minecraft:climb_one_cm":782,"minecraft:total_world_time":62458,"minecraft:fall_one_cm":536},"minecraft:killed":{"graveyard:acolyte":1,"graveyard:corrupted_vindicator":3},"minecraft:picked_up":{"graveyard:fire_brazier":1,"born_in_chaos_v1:black_argillite_column_slab":1,"minecraft:black_candle":4,"graveyard:pedestal":2,"graveyard:dark_iron_ingot":1,"born_in_chaos_v1:black_argillite_column_slab_n":3,"minecraft:gilded_blackstone":15,"graveyard:sarcophagus":1,"graveyard:candle_holder":1,"minecraft:iron_shovel":1,"minecraft:white_candle":6,"minecraft:bone":6,"minecraft:rotten_flesh":4,"graveyard:corruption":4,"minecraft:wheat_seeds":1,"minecraft:candle":5,"minecraft:raw_gold":6,"minecraft:deepslate_bricks":2,"minecraft:bone_meal":14,"minecraft:cobweb":16,"minecraft:gold_ingot":2,"minecraft:deepslate_brick_stairs":2},"minecraft:dropped":{"born_in_chaos_v1:black_argillite_column_slab_n":6,"minecraft:cobweb":8,"minecraft:shield":1,"minecraft:trident":1,"immersivecaves:immersive_caves_guide":1,"minecraft:gilded_blackstone":15,"minecraft:bone_meal":7,"born_in_chaos_v1:black_argillite_column_slab":1,"minecraft:iron_shovel":1},"minecraft:used":{"minecraft:deepslate_tiles":210,"graveyard:candle_holder":16,"born_in_chaos_v1:black_argillite_column_slab":52,"minecraft:polished_deepslate":129,"minecraft:bread":1,"minecraft:polished_deepslate_wall":4,"minecraft:iron_pickaxe":13,"born_in_chaos_v1:scorched_planks_door":2,"minecraft:iron_sword":20,"born_in_chaos_v1:carved_black_argillite":2,"minecraft:deepslate_bricks":171,"graveyard:pedestal":25,"minecraft:black_stained_glass":35,"minecraft:deepslate_tile_stairs":52,"minecraft:deepslate_brick_slab":36,"minecraft:black_candle":70,"born_in_chaos_v1:scorched_planks_trapdoor":12,"minecraft:deepslate_brick_stairs":34,"minecraft:polished_deepslate_stairs":20,"minecraft:deepslate_tile_wall":31},"minecraft:mined":{"graveyard:pedestal":2,"minecraft:candle":2,"graveyard:fire_brazier":1,"graveyard:candle_holder":1,"graveyard:sarcophagus":1,"minecraft:deepslate_brick_stairs":2,"minecraft:deepslate_bricks":2,"minecraft:white_candle":2}},"DataVersion":3465}